Inst Name,State,Admission Rate 22 (bin),2022 Admitted Total,2022 Enrolled Total,2022 Yield Rate,Admission Rate 22,Earnings 10 Years Post-Entry 2008-2009 + 2009-2010 Cohorts,Earnings Residual,FTFT Grad Rate (6 Years) 2015-2016 Cohort,Grad Rates Residual
Abilene Christian University,TX,0.60,"5,755",833,14%,44,"51,336","-2,244",60%,-3%
Adams State University,CO,1.00,"1,714",318,19%,63,"38,434","-6,712",29%,-8%
Adelphi University,NY,0.60,"12,459","1,330",11%,49,"70,089","3,606",71%,2%
Adrian College,MI,0.60,"2,079",573,28%,48,"52,959","-5,583",53%,0%
Alabama A & M University,AL,0.60,"4,697","1,534",33%,45,"39,059","1,680",28%,-3%
Alabama State University,AL,0.80,"5,854",890,15%,62,"34,018","1,265",28%,-4%
Albany State University,GA,,,,,,"37,063","2,831",24%,-10%
Albion College,MI,0.60,"4,566",468,10%,43,"57,501","1,265",64%,1%
Alcorn State University,MS,0.20,"1,875",402,21%,25,"34,492",-940,42%,2%
Alfred University,NY,0.60,"4,193",388,9%,42,"51,312","-6,906",60%,-1%
Allegheny College,PA,0.60,"3,521",408,12%,47,"61,188",-242,75%,2%
Alma College,MI,0.60,"2,000",319,16%,43,"51,997",-506,63%,-2%
Alvernia University,PA,0.40,"3,103",403,13%,37,"52,116","1,607",65%,3%
American International College,MA,0.40,"2,022",340,17%,37,"53,069","2,592",42%,0%
American University,DC,0.60,"12,594","2,372",19%,40,"75,354",847,79%,-4%
Amherst College,MA,0.00,"1,224",515,42%,6,"81,855",-739,92%,2%
Anderson University (IN),IN,0.60,"5,010","1,093",22%,39,"45,222","-3,514",63%,0%
Anderson University (SC),SC,0.40,"5,010","1,093",22%,32,"43,381",128,64%,-5%
Andrews University,MI,0.80,904,256,28%,52,"50,391",347,72%,1%
Angelo State University,TX,0.60,"2,463","1,286",52%,44,"46,355","-1,210",45%,-3%
Appalachian State University,NC,0.80,"17,886","4,099",23%,54,"48,352","-3,634",73%,3%
Aquinas College,MI,0.80,"1,275",218,17%,56,"45,282","-5,558",60%,-1%
Arcadia University,PA,0.80,"4,645",390,8%,52,"54,467",-229,62%,-5%
Arizona Christian University,AZ,0.60,928,311,34%,48,"44,012","-1,378",36%,-14%
Arizona State University Campus Immersion,AZ,0.80,"54,329","14,250",26%,55,"58,967","1,171",66%,1%
Arkansas State University,AR,0.60,"3,693","1,301",35%,40,"39,824","-2,727",54%,1%
Arkansas Tech University,AR,0.80,"5,868","1,396",24%,59,"40,334","-5,486",46%,3%
Asbury University,KY,0.60,872,263,30%,49,"42,628",545,65%,1%
Ashland University,OH,0.60,"3,023",699,23%,44,"51,188",955,68%,9%
Auburn University,AL,0.60,"19,660","5,311",27%,45,"61,042",-237,81%,2%
Auburn University at Montgomery,AL,0.80,"3,296",539,16%,61,"43,743","2,212",36%,-10%
Augsburg University,MN,0.60,"2,692",541,20%,48,"56,814","-2,492",58%,3%
Augustana University,SD,0.60,"1,621",467,29%,45,"53,641",266,71%,-3%
Aurora University,IL,0.80,"2,680",822,31%,54,"53,159","1,538",55%,1%
Austin College,TX,0.40,"1,764",284,16%,27,"59,728","-3,609",68%,-4%
Austin Peay State University,TN,0.80,"4,721","1,429",30%,59,"41,717",-493,42%,-1%
Ave Maria University,FL,0.60,"2,373",377,16%,40,"44,873","2,921",61%,-6%
Averett University,VA,0.40,"1,652",231,14%,30,"48,621","-1,223",42%,2%
Azusa Pacific University,CA,0.80,"3,733",636,17%,59,"61,701","-1,045",72%,2%
Babson College,MA,0.20,"1,801",650,36%,16,"111,604","11,902",94%,6%
Baker University,KS,0.80,631,219,35%,62,"60,914",441,62%,2%
Ball State University,IN,0.60,"15,642","3,278",21%,43,"49,177",-519,68%,5%
Barnard College,NY,0.00,"1,192",769,65%,7,"74,415","6,329",93%,1%
Barry University,FL,0.60,"6,784",716,11%,40,"54,203","5,602",41%,-3%
Barton College,NC,0.80,"1,901",262,14%,62,"46,112",482,52%,3%
Bay Path University,MA,0.60,601,119,20%,47,"46,065","4,670",51%,-10%
Baylor University,TX,0.40,"20,741","4,271",21%,36,"62,913",325,82%,-1%
Bellarmine University,KY,0.80,"3,615",593,16%,54,"56,346","1,961",65%,-2%
Belmont Abbey College,NC,0.80,"1,821",428,24%,62,"46,832","-2,545",46%,-4%
Belmont University,TN,0.80,"8,468","1,834",22%,55,"51,864","-5,536",68%,-3%
Bemidji State University,MN,0.60,"1,927",538,28%,47,"50,297","1,807",48%,-9%
Benedictine College,KS,0.80,"2,687",610,23%,62,"48,297","-9,418",63%,-5%
Benedictine University,IL,0.80,"2,327",415,18%,50,"61,453","-5,736",47%,-7%
Bentley University,MA,0.60,"5,674","1,019",18%,38,"111,896","9,359",88%,7%
Berea College,KY,0.20,573,338,59%,21,"40,738","2,049",66%,20%
Berry College,GA,0.60,"3,669",729,20%,44,"47,499",80,72%,1%
Bethel University (MN),MN,0.80,"4,115","1,312",32%,56,"58,664",999,74%,2%
Bethel University (TN),TN,0.40,"4,115","1,312",32%,32,"44,136","-1,955",38%,4%
Bethune-Cookman University,FL,1.00,"5,568",812,15%,63,"38,237","-1,449",32%,2%
Binghamton University,NY,0.40,"17,455","3,089",18%,28,"77,436",914,84%,0%
Biola University,CA,0.60,"2,646",655,25%,38,"53,148","-4,059",70%,-4%
Birmingham-Southern College,AL,0.60,"1,622",244,15%,42,"55,236",545,70%,-5%
Black Hills State University,SD,0.80,"1,344",452,34%,61,"42,217",-157,42%,-5%
Bloomfield College,NJ,0.80,"2,300",277,12%,53,"43,765","-4,248",38%,2%
Bloomsburg University of Pennsylvania,PA,,,,,,"53,367",-421,59%,2%
Bluefield State University,WV,0.80,987,346,35%,61,"38,646","1,585",32%,-3%
Boise State University,ID,0.80,"13,008","3,171",24%,52,"46,869","-2,806",54%,-1%
Boston College,MA,0.00,"7,587","2,516",33%,12,"96,325","11,890",91%,-1%
Boston University,MA,0.00,"14,129","4,011",28%,12,"80,582","-1,614",89%,1%
Bowie State University,MD,0.80,"4,333",913,21%,55,"50,806","-11,087",42%,-2%
Bowling Green State University-Main Campus,OH,0.60,"14,404","2,760",19%,50,"46,918","-1,216",62%,3%
Bradley University,IL,0.60,"7,669","1,043",14%,48,"66,315","3,199",76%,3%
Brandeis University,MA,0.20,"3,834",943,25%,25,"73,676","-8,269",88%,-2%
Brenau University,GA,0.80,"1,693",177,10%,56,"49,629","7,851",47%,-5%
Bridgewater College,VA,0.60,"2,544",398,16%,47,"50,510",-229,62%,-1%
Bridgewater State University,MA,0.80,"7,671","1,382",18%,54,"54,750","-1,255",62%,4%
Brigham Young University,UT,0.40,"6,870","5,413",79%,37,"74,630","17,887",77%,0%
Brigham Young University-Idaho,ID,0.80,"9,621","4,858",50%,61,"52,551","6,171",50%,-3%
Brown University,RI,0.00,"2,568","1,705",66%,4,"87,811","-4,158",96%,3%
Bucknell University,PA,0.20,"3,886","1,027",26%,22,"86,631","4,415",88%,0%
Buena Vista University,IA,0.60,"1,154",237,21%,42,"47,076","-6,017",63%,8%
Butler University,IN,0.80,"12,356","1,132",9%,51,"72,865","3,347",84%,2%
Cabrini University,PA,0.80,"2,606",306,12%,50,"54,218",165,52%,0%
Caldwell University,NJ,0.80,"3,353",349,10%,60,"53,908",-730,59%,3%
California Baptist University,CA,0.60,"6,038","1,372",23%,40,"56,253","-1,542",57%,2%
California Lutheran University,CA,0.80,"3,311",492,15%,52,"65,401","-1,927",74%,4%
California Polytechnic State University-San Luis Obispo,CA,0.20,"18,008","4,884",27%,21,"85,801","4,189",85%,3%
California State Polytechnic University-Humboldt,CA,0.80,"6,414",629,10%,57,"46,266","-6,466",48%,-2%
California State Polytechnic University-Pomona,CA,0.60,"24,993","3,463",14%,38,"67,406","-1,343",70%,2%
California State University-Chico,CA,0.80,"17,086","1,929",11%,54,"61,010","5,327",65%,7%
California State University-Fresno,CA,0.80,"14,816","3,451",23%,61,"55,534",-195,57%,7%
California State University-Fullerton,CA,0.40,"26,827","4,219",16%,37,"58,585","-3,297",71%,4%
California State University-Long Beach,CA,0.40,"31,448","4,865",15%,30,"60,973","-1,139",75%,5%
California State University-Los Angeles,CA,0.80,"26,459","4,095",15%,57,"54,219",148,52%,10%
California State University-Northridge,CA,0.80,"20,842","4,716",23%,55,"56,375",531,54%,7%
California State University-Sacramento,CA,0.80,"21,272","3,581",17%,59,"61,267",154,57%,7%
California State University-San Bernardino,CA,0.80,"11,878","2,001",17%,57,"55,258","2,820",57%,11%
California State University-San Marcos,CA,0.80,"13,049","2,413",18%,59,"59,495","3,015",59%,4%
California University of Pennsylvania,PA,,,,,,"47,323",-83,48%,2%
Calvin University,MI,0.60,"2,992",736,25%,47,"54,153","-5,124",77%,3%
Campbell University,NC,0.80,"3,614",562,16%,55,"51,142","-1,412",56%,-1%
Campbellsville University,KY,,,,,,"39,948","-2,875",36%,-3%
Canisius College,NY,0.80,"2,988",456,15%,51,"57,447","1,936",71%,6%
Capital University,OH,0.60,"2,659",424,16%,47,"51,328",-257,62%,-3%
Carleton College,MN,0.00,"1,389",555,40%,11,"70,334","-9,310",91%,2%
Carlow University,PA,0.80,961,185,19%,58,"48,929","4,517",52%,-1%
Carnegie Mellon University,PA,0.00,"4,453","1,896",43%,9,"111,064","2,691",93%,-5%
Carroll College,MT,0.80,"1,258",280,22%,53,"58,012","3,267",67%,1%
Carroll University,WI,0.60,"3,159",678,21%,44,"52,782","-1,917",67%,-5%
Carson-Newman University,TN,0.60,"2,329",395,17%,50,"43,846",947,57%,5%
Carthage College,WI,0.60,"6,539",763,12%,48,"56,427","-4,993",68%,0%
Case Western Reserve University,OH,0.20,"10,049","1,606",16%,19,"81,346",245,84%,-8%
Castleton University,VT,0.80,"2,136",391,18%,55,"48,163","-4,330",55%,10%
Catawba College,NC,0.40,"1,234",264,21%,35,"43,706","-6,346",60%,6%
Cedar Crest College,PA,0.60,848,168,20%,43,"55,062","2,332",64%,1%
Cedarville University,OH,0.60,"3,251",972,30%,39,"53,681","-1,514",73%,3%
Centenary University,NJ,0.80,"1,314",235,18%,62,"54,748","4,539",68%,12%
Central College,IA,0.60,"1,641",340,21%,47,"53,417","-2,551",66%,-1%
Central Connecticut State University,CT,0.60,"4,703","1,093",23%,47,"56,799",-315,55%,1%
Central Methodist University-College of Liberal Arts and Sciences,MO,0.80,"1,331",340,26%,62,"42,616","2,381",47%,-3%
Central Michigan University,MI,0.60,"14,273","1,910",13%,49,"52,440","-1,023",62%,0%
Central State University,OH,0.40,"4,702",804,17%,37,"33,476","-1,809",23%,-6%
Central Washington University,WA,0.80,"9,523","1,371",14%,55,"59,283","4,859",54%,3%
Centre College,KY,0.60,"1,745",377,22%,43,"60,447",824,86%,2%
Champlain College,VT,0.60,"4,023",440,11%,39,"64,456","2,513",68%,-1%
Chapman University,CA,0.40,"9,115","1,658",18%,38,"64,844","-4,387",80%,-4%
Charleston Southern University,SC,0.40,"2,254",690,31%,36,"43,163","1,069",49%,-4%
Chestnut Hill College,PA,0.80,"1,172",198,17%,62,"50,257","3,851",63%,4%
Chicago State University,IL,0.40,"2,281",168,7%,30,"43,759","1,932",21%,-7%
Christian Brothers University,TN,0.80,"1,127",271,24%,61,"53,563",528,59%,1%
Christopher Newport University,VA,0.80,"5,931","1,012",17%,56,"57,364","-3,283",75%,0%
Citadel Military College of South Carolina,SC,0.80,"2,134",566,27%,54,"71,951",-867,73%,12%
Claflin University,SC,0.60,"5,289",315,6%,39,"35,399","1,729",51%,12%
Claremont McKenna College,CA,0.00,633,358,57%,7,"97,174","7,322",93%,3%
Clarion University of Pennsylvania,PA,,,,,,"45,459",-960,55%,8%
Clark Atlanta University,GA,0.40,"9,737","1,123",12%,37,"41,968","2,241",42%,-1%
Clarkson University,NY,0.60,"5,229",740,14%,47,"86,334","9,213",76%,6%
Clayton  State University,GA,0.60,"1,153",673,58%,40,"45,569","-3,500",35%,-11%
Clemson University,SC,0.40,"23,138","4,593",20%,31,"69,479","-2,152",85%,2%
Cleveland State University,OH,0.80,"10,504","1,869",18%,57,"49,935","2,915",51%,1%
Coastal Carolina University,SC,0.60,"12,251","2,519",21%,50,"46,189","-4,006",51%,-3%
Coe College,IA,,,,,,"54,115","-4,027",64%,-4%
Colby College,ME,0.00,"1,407",667,47%,6,"84,482",963,87%,1%
Colgate University,NY,0.00,"3,015",887,29%,11,"86,737","4,752",90%,3%
College for Creative Studies,MI,0.40,799,277,35%,34,"52,577",-727,62%,2%
College of Charleston,SC,0.60,"15,590","2,473",16%,48,"50,235","-3,204",67%,-2%
College of Mount Saint Vincent,NY,0.80,"2,258",374,17%,52,"56,282","1,385",56%,1%
College of Our Lady of the Elms,MA,0.60,"1,063",184,17%,43,"55,648","5,600",68%,7%
College of Saint Benedict,MN,0.80,"1,565",389,25%,58,"61,071","1,840",77%,-3%
Colorado Mesa University,CO,0.80,"6,485","1,855",29%,50,"43,389","-1,342",38%,-4%
Colorado School of Mines,CO,0.40,"6,838","1,449",21%,36,"95,887","3,566",83%,-1%
Colorado State University Pueblo,CO,0.80,"2,037",603,30%,62,"48,674","-1,406",39%,-13%
Colorado State University-Fort Collins,CO,0.80,"28,314","5,197",18%,57,"58,388",356,69%,0%
Columbia College (SC),SC,0.80,"1,260",210,17%,62,"39,714","4,541",54%,0%
Columbia University in the City of New York,NY,0.00,"2,524","1,641",65%,3,"97,540","5,491",97%,3%
Columbus State University,GA,0.60,"4,142","1,205",29%,50,"43,204","2,509",43%,-2%
Concord University,WV,0.80,"1,663",395,24%,60,"40,246",377,42%,-4%
Concordia College at Moorhead,MN,0.60,"2,720",473,17%,45,"55,054","-3,756",74%,0%
Concordia University Texas,TX,0.80,"1,283",199,16%,56,"54,410",763,37%,-8%
Concordia University-Chicago,IL,0.80,"4,935",336,7%,55,"51,219","-1,231",43%,-8%
Concordia University-Irvine,CA,0.80,"2,657",341,13%,51,"59,831","-4,545",68%,4%
Concordia University-Nebraska,NE,0.80,"1,600",316,20%,54,"48,132","-3,343",58%,-2%
Concordia University-Wisconsin,WI,0.60,"2,431",514,21%,43,"51,567","-4,565",59%,-7%
Coppin State University,MD,0.40,"1,174",177,15%,30,"43,697","3,080",26%,-13%
Cornell College,IA,0.80,"2,300",366,16%,51,"51,898","-12,340",64%,-4%
Cornell University,NY,0.00,"5,852","3,718",64%,6,"98,321","4,657",94%,-1%
Cornerstone University,MI,0.80,"1,756",376,21%,57,"45,033","-3,503",59%,0%
Creighton University,NE,0.60,"6,334","1,138",18%,49,"71,997","1,745",79%,-3%
Cumberland University,TN,0.40,"1,555",591,38%,37,"49,591","1,836",52%,3%
Curry College,MA,0.80,"4,170",516,12%,50,"47,598","-6,704",55%,1%
D'Youville  University,NY,0.80,"1,702",246,14%,58,"61,994","17,822",64%,1%
Dakota State University,SD,0.80,583,366,63%,54,"45,973","-1,610",47%,-3%
Dallas Baptist University,TX,0.80,"6,501",686,11%,59,"53,741","-1,037",61%,-1%
Dartmouth College,NH,0.00,"1,750","1,221",70%,4,"95,540","5,948",94%,0%
Davidson College,NC,0.00,"1,145",547,48%,11,"77,379","-1,780",90%,5%
Dean College,MA,0.60,"3,624",325,9%,47,"45,140","-5,109",49%,4%
Delaware State University,DE,0.40,"2,803","1,023",36%,37,"44,793",255,47%,2%
Delaware Valley University,PA,0.80,"1,721",378,22%,59,"53,163","-3,759",54%,-6%
Delta State University,MS,1.00,899,264,29%,63,"39,273","4,568",44%,-2%
Denison University,OH,0.20,"2,689",654,24%,18,"60,673","-3,372",81%,-1%
DePauw University,IN,0.60,"3,683",500,14%,41,"66,577","-1,959",83%,8%
DeSales University,PA,0.60,"2,780",516,19%,49,"57,821","-2,967",69%,4%
Dillard University,LA,0.40,"3,417",326,10%,35,"37,037","-1,798",52%,7%
Doane University,NE,0.60,"1,361",237,17%,49,"51,072","7,211",59%,-2%
Dominican University,IL,0.80,"3,112",462,15%,51,"56,955","7,589",52%,-3%
Dominican University New York,NY,0.60,"1,199",176,15%,48,"60,238","2,681",44%,-5%
Dominican University of California,CA,0.80,"1,841",245,13%,59,"71,134",-289,77%,-1%
Dordt University,IA,0.60,"1,168",440,38%,46,"52,342","-3,525",74%,6%
Drake University,IA,0.60,"5,479",759,14%,43,"73,451","7,183",78%,-2%
Drew University,NJ,0.80,"2,823",359,13%,50,"55,906","-5,050",74%,4%
Drexel University,PA,0.80,"28,522","2,854",10%,52,"79,785","1,793",78%,-2%
Drury University,MO,0.60,"1,275",320,25%,41,"39,169","-3,078",60%,1%
Duke University,NC,0.00,"2,927","1,744",60%,4,"97,418","6,077",96%,-3%
Duquesne University,PA,0.80,"8,857","1,233",14%,53,"71,826","7,749",78%,3%
East Carolina University,NC,0.80,"20,560","4,100",20%,59,"50,819","1,249",66%,5%
East Central University,OK,0.60,650,438,67%,41,"43,159","2,968",31%,-4%
East Stroudsburg University of Pennsylvania,PA,0.80,"2,852",679,24%,59,"52,913","-3,766",49%,-1%
East Tennessee State University,TN,0.80,"7,484","1,856",25%,55,"42,563","1,127",51%,0%
East Texas Baptist University,TX,0.60,"1,044",405,39%,41,"47,521","-2,363",45%,-2%
Eastern Illinois University,IL,0.60,"5,126",778,15%,45,"50,741",27,51%,-1%
Eastern Kentucky University,KY,0.80,"7,131","2,493",35%,62,"42,134","1,628",48%,1%
Eastern Michigan University,MI,0.80,"14,811","2,312",16%,54,"47,087","-2,599",48%,-2%
Eastern New Mexico University-Main Campus,NM,0.20,481,349,73%,21,"36,355","-6,970",40%,1%
Eastern Oregon University,OR,0.80,631,267,42%,62,"47,898","-4,479",38%,1%
Eastern University,PA,0.60,"1,282",339,26%,43,"48,006","1,790",60%,1%
Eastern Washington University,WA,0.80,"4,108","1,305",32%,61,"55,189","4,908",50%,-2%
Eckerd College,FL,0.60,"3,927",650,17%,44,"47,708","-3,402",68%,-7%
Edgewood College,WI,0.80,"1,144",257,22%,60,"55,742","7,156",62%,-1%
Edinboro University of Pennsylvania,PA,,,,,,"40,051","-1,480",47%,2%
Elizabeth City State University,NC,0.60,"2,590",324,13%,49,"37,070",253,40%,5%
Elizabethtown College,PA,0.60,"1,995",434,22%,50,"63,220","1,130",76%,3%
Elmhurst University,IL,0.60,"2,682",531,20%,45,"58,657","2,485",68%,-2%
Elon University,NC,0.60,"13,859","1,591",11%,49,"66,617","-3,944",83%,1%
Emerson College,MA,0.40,"5,238","1,058",20%,28,"58,491","-12,972",79%,-2%
Emmanuel College,MA,0.60,"5,213",685,13%,47,"56,728","-1,428",70%,-3%
Emory & Henry College,VA,0.80,"1,971",390,20%,55,"46,471","4,406",51%,1%
Emory University,GA,0.00,"4,364","1,494",34%,8,"81,802",-796,90%,-1%
Emporia State University,KS,0.80,"1,254",481,38%,55,"43,438","-2,858",50%,-5%
Evangel University,MO,0.60,779,307,39%,40,"45,450","2,060",63%,0%
Fairfield University,CT,0.40,"7,073","1,256",18%,35,"95,393","10,465",84%,-1%
Fairleigh Dickinson University-Florham Campus,NJ,0.80,"3,488",488,14%,54,"57,054",-467,62%,2%
Fairleigh Dickinson University-Metropolitan Campus,NJ,0.80,"3,374",463,14%,54,"57,054","-5,013",54%,2%
Fairmont State University,WV,0.80,"1,745",655,38%,62,"38,538","-2,126",45%,3%
Farmingdale State College,NY,0.60,"5,072","1,619",32%,46,"64,404","3,175",53%,4%
Faulkner University,AL,0.60,"1,157",233,20%,41,"41,523","5,599",19%,-12%
Fayetteville State University,NC,0.80,"3,393",632,19%,52,"37,600",-365,37%,2%
Felician University,NJ,0.80,"2,122",306,14%,58,"55,992","2,359",52%,7%
Ferris State University,MI,0.80,"8,884","1,405",16%,54,"53,019","1,450",48%,-1%
Fitchburg State University,MA,0.80,"2,911",567,19%,54,"58,741","1,766",57%,2%
Flagler College,FL,0.60,"3,984",742,19%,47,"46,810",-206,58%,-2%
Florida Atlantic University,FL,0.60,"19,617","3,925",20%,49,"53,644","-1,974",55%,3%
Florida Gulf Coast University,FL,0.80,"12,901","3,125",24%,56,"52,268","2,703",56%,-1%
Florida Institute of Technology,FL,0.60,"7,016",756,11%,42,"53,864","-7,277",66%,3%
Florida International University,FL,0.60,"10,502","4,061",39%,40,"57,946","1,977",67%,5%
Florida Southern College,FL,0.60,"6,550",792,12%,38,"49,449",-104,68%,-6%
Florida State University,FL,0.20,"24,183","7,619",32%,23,"57,007","1,245",83%,7%
Fordham University,NY,0.40,"26,980","2,879",11%,37,"78,820",-261,83%,-2%
Fort Lewis College,CO,0.80,"3,520",960,27%,59,"41,422","-7,720",44%,-3%
Fort Valley State University,GA,0.60,"3,904",756,19%,45,"36,389","-7,264",45%,8%
Framingham State University,MA,0.80,"4,288",580,14%,53,"54,242",781,51%,-5%
Francis Marion University,SC,0.80,"2,608",699,27%,54,"42,263","4,151",43%,-1%
Franciscan University of Steubenville,OH,0.60,"1,545",588,38%,43,"47,070","-2,176",75%,-1%
Franklin Pierce University,NH,0.80,"2,926",271,9%,56,"47,068","-8,606",42%,-7%
Freed-Hardeman University,TN,0.80,"1,008",371,37%,55,"42,173","3,432",65%,1%
Fresno Pacific University,CA,0.60,714,200,28%,49,"55,044","5,090",68%,7%
Frostburg State University,MD,0.80,"3,689",587,16%,54,"51,992","1,058",48%,5%
Gannon University,PA,0.80,"3,967",644,16%,53,"57,091","4,684",64%,3%
Gardner-Webb University,NC,0.60,"4,466",447,10%,50,"45,181","4,645",48%,-2%
Geneva College,PA,0.60,"1,231",245,20%,50,"49,884","1,117",71%,7%
George Fox University,OR,0.80,"3,266",647,20%,52,"54,279","-2,315",69%,2%
George Mason University,VA,0.80,"18,741","3,986",21%,57,"69,958",401,70%,-2%
George Washington University,DC,0.40,"13,539","2,571",19%,32,"87,548","6,611",84%,-2%
Georgetown College,KY,0.60,"2,060",481,23%,47,"50,486",645,56%,-4%
Georgetown University,DC,0.00,"3,311","1,585",48%,8,"101,797","15,238",95%,2%
Georgia College & State University,GA,0.80,"4,062","1,507",37%,55,"54,288",884,62%,-4%
Georgia Institute of Technology-Main Campus,GA,0.00,"7,030","3,453",49%,10,"96,375","4,692",92%,-1%
Georgia Southern University,GA,0.80,"16,782","5,571",33%,57,"50,829",-159,54%,-2%
Georgia Southwestern State University,GA,0.80,"1,413",385,27%,54,"44,541","4,253",34%,-10%
Georgia State University,GA,1.00,"19,753","6,058",31%,63,"44,812","-6,432",56%,-2%
Glenville State University,WV,,,,,,"36,815","-3,095",38%,4%
Gonzaga University,WA,0.60,"6,742","1,311",19%,48,"76,325","3,592",85%,3%
Gordon College,MA,0.60,"1,132",317,28%,49,"54,542","-2,123",72%,-2%
Grace College and Theological Seminary,IN,0.80,"3,453",437,13%,52,"45,507","-1,608",71%,6%
Grambling State University,LA,0.60,"2,428",750,31%,45,"35,049","-1,617",29%,-2%
Grand Valley State University,MI,0.80,"15,730","3,807",24%,58,"53,292","-2,991",67%,0%
Grand View University,IA,1.00,"1,757",291,17%,63,"53,256","1,343",51%,0%
Grinnell College,IA,0.00,"1,108",471,43%,7,"62,529","-3,634",87%,-1%
Gwynedd Mercy University,PA,0.80,819,177,22%,57,"62,124","4,807",55%,0%
Hamilton College,NY,0.00,"1,320",533,40%,9,"77,214",430,92%,2%
Hamline University,MN,0.60,"3,434",467,14%,48,"57,170","1,276",65%,-1%
Hampton University,VA,0.80,"10,570",615,6%,50,"55,618","4,502",57%,-7%
Hanover College,IN,0.60,"1,902",276,15%,46,"51,346","-1,263",63%,2%
Hardin-Simmons University,TX,0.80,"2,010",388,19%,60,"51,029",-169,52%,-2%
Harding University,AR,0.40,"1,191",748,63%,34,"50,273","-1,959",67%,0%
Hartwick College,NY,0.80,"3,245",360,11%,60,"52,097","-5,614",57%,2%
Harvard University,MA,0.00,"2,318","1,951",84%,3,"95,114","8,294",97%,2%
Haverford College,PA,0.00,951,411,43%,11,"78,330",465,90%,-1%
Heidelberg University,OH,0.80,"1,564",266,17%,54,"48,089","-2,903",57%,2%
Henderson State University,AR,0.60,"1,783",418,23%,47,"40,681",-880,37%,-4%
Hendrix College,AR,0.60,"1,629",316,19%,43,"48,230","-9,770",73%,-8%
High Point University,NC,0.80,"8,951","1,441",16%,50,"54,945",393,70%,-4%
Hofstra University,NY,0.60,"16,862","1,659",10%,43,"68,703","-2,473",70%,-3%
Holy Family University,PA,0.60,"1,499",355,24%,49,"60,485","2,523",56%,3%
Hope College,MI,0.80,"3,854",793,21%,58,"56,309","-2,630",81%,4%
Houston Baptist University,TX,0.80,"8,220",802,10%,54,"53,245","-3,278",44%,-12%
Howard University,DC,0.20,"10,362","2,768",27%,22,"59,441","1,586",64%,-5%
Huntington University,IN,0.60,861,251,29%,50,"40,979","-9,965",69%,8%
Illinois Institute of Technology,IL,0.60,"4,311",505,12%,42,"82,793","-8,788",71%,-1%
Illinois State University,IL,0.80,"10,905","3,374",31%,58,"58,781",364,67%,2%
Illinois Wesleyan University,IL,0.40,"2,055",432,21%,28,"66,591","-4,362",81%,-2%
Immaculata University,PA,0.80,"1,645",290,18%,50,"58,673","1,452",69%,7%
Indiana Institute of Technology,IN,0.60,"1,620",446,28%,41,"48,091","-2,471",39%,0%
Indiana State University,IN,0.80,"11,786","1,434",12%,59,"45,531","1,027",41%,2%
Indiana University of Pennsylvania-Main Campus,PA,0.80,"8,333","1,721",21%,59,"46,764",-363,56%,3%
Indiana University-Bloomington,IN,0.80,"39,543","9,482",24%,54,"61,279","-3,110",81%,5%
Indiana University-East,IN,0.80,"1,037",329,32%,51,"41,226",24,43%,2%
Indiana University-Kokomo,IN,0.80,"1,854",587,32%,57,"43,073","-1,369",43%,2%
Indiana University-Northwest,IN,0.80,"1,419",482,34%,54,"44,517",36,38%,-11%
Indiana University-Purdue University-Indianapolis,IN,0.80,"12,704","3,496",28%,53,"50,477",-699,57%,5%
Indiana University-South Bend,IN,0.80,"2,019",697,35%,56,"40,816","-1,688",38%,-2%
Indiana University-Southeast,IN,0.80,"1,802",588,33%,57,"44,383","2,190",39%,-2%
Indiana Wesleyan University-Marion,IN,0.80,"3,566",565,16%,58,"55,759","4,824",71%,13%
Iona University,NY,0.80,"6,132",697,11%,59,"70,388","1,293",62%,2%
Iowa State University,IA,0.80,"18,550","5,387",29%,57,"60,973","-1,703",76%,6%
Jackson State University,MS,0.60,"4,900",793,16%,39,"36,198",533,39%,-1%
Jacksonville State University,AL,0.60,"8,003","1,818",23%,48,"41,504","2,046",50%,0%
James Madison University,VA,0.80,"18,265","4,767",26%,54,"65,172",-928,82%,5%
John Brown University,AR,0.40,848,333,39%,33,"54,964","2,802",70%,2%
John Carroll University,OH,0.80,"3,363",586,17%,55,"61,963","6,416",76%,3%
Johns Hopkins University,MD,0.00,"2,972","1,420",48%,5,"89,551","-3,445",95%,-5%
Johnson C Smith University,NC,0.40,"1,173",245,21%,28,"39,488","-2,002",39%,3%
Kalamazoo College,MI,0.80,"2,666",382,14%,50,"60,627","-6,472",76%,-2%
Kean University,NJ,0.60,"7,162","1,502",21%,50,"52,714","-4,111",48%,2%
Keene State College,NH,0.80,"4,225",749,18%,55,"50,644","-4,443",60%,-1%
Kent State University at Kent,OH,0.80,"17,359","4,050",23%,55,"45,019",-83,68%,5%
Kentucky State University,KY,0.60,"2,591",484,19%,41,"36,807","-1,340",37%,0%
Kenyon College,OH,0.20,"2,778",508,18%,23,"63,557","-11,164",87%,2%
Kettering University,MI,0.80,"1,521",305,20%,54,"94,491","15,249",70%,-2%
Kutztown University of Pennsylvania,PA,0.80,"6,514","1,490",23%,61,"49,199","-4,042",54%,1%
La Salle University,PA,0.80,"4,733",482,10%,51,"64,386","4,224",58%,2%
La Sierra University,CA,0.60,"1,801",287,16%,42,"60,858","-2,434",45%,-11%
Lafayette College,PA,0.40,"3,366",782,23%,26,"94,200","3,337",88%,3%
Lake Superior State University,MI,0.60,"1,767",373,21%,46,"47,666","-2,056",52%,4%
Lakeland University,WI,0.80,882,164,19%,50,"52,878","-5,620",43%,3%
Lamar University,TX,0.80,"5,397","1,569",29%,55,"45,940","1,546",39%,-4%
Lancaster Bible College,PA,0.80,264,152,58%,60,"41,277",25,62%,7%
Lander University,SC,0.60,"3,311",899,27%,43,"41,800",-71,53%,9%
Lane College,TN,,,,,,"31,297","-1,932",24%,-2%
Lasell University,MA,0.80,"2,169",303,14%,54,"58,576",-42,67%,7%
Lawrence Technological University,MI,0.80,"2,141",475,22%,51,"69,190","2,122",56%,-3%
Le Moyne College,NY,0.60,"5,477",613,11%,46,"60,174","4,023",76%,8%
Lee University,TN,0.80,"1,843",620,34%,52,"42,772","-2,306",58%,-3%
Lehigh University,PA,0.40,"6,485","1,519",23%,29,"100,559","3,013",87%,0%
Lenoir-Rhyne University,NC,0.80,"4,155",382,9%,54,"45,633","-1,229",48%,1%
Lesley University,MA,0.80,"2,558",280,11%,55,"47,821","-1,498",60%,-13%
LeTourneau University,TX,0.40,"1,241",328,26%,34,"55,560","-2,898",64%,2%
Lewis & Clark College,OR,0.60,"4,385",677,15%,50,"52,151","-10,575",74%,-6%
Lewis University,IL,0.60,"3,072",567,18%,45,"61,393","-2,221",60%,-2%
Lewis-Clark State College,ID,1.00,"1,580",394,25%,63,"44,343","-1,081",37%,-1%
Liberty University,VA,0.80,"28,244","5,461",19%,62,"45,115",-438,62%,5%
Limestone University,SC,0.80,"1,667",294,18%,55,"41,484","-3,484",30%,-3%
Lincoln Memorial University,TN,0.60,"1,407",302,21%,44,"44,726","1,034",53%,-1%
Lincoln University (PA),PA,0.80,"2,820",477,17%,50,"39,222","-3,149",49%,11%
Lindenwood University,MO,0.60,"2,511",729,29%,47,"49,080","-8,216",53%,-2%
Linfield University,OR,0.80,"1,850",315,17%,54,"69,540","4,654",67%,-1%
Lipscomb University,TN,0.60,"2,532",663,26%,47,"51,858","-1,778",71%,-2%
Lock Haven University,PA,,,,,,"48,116",791,54%,2%
Long Island University,NY,0.80,"16,259","1,198",7%,59,"54,935","2,244",47%,-1%
Longwood University,VA,0.80,"5,378",718,13%,57,"49,069","-2,890",65%,4%
Loras College,IA,0.60,"1,501",296,20%,45,"54,020",572,68%,1%
Louisiana State University and Agricultural & Mechanical College,LA,0.60,"25,907","7,045",27%,45,"59,454","1,737",69%,1%
Louisiana State University-Alexandria,LA,0.40,"1,850",410,22%,37,"41,051",779,27%,-6%
Louisiana State University-Shreveport,LA,0.80,803,306,38%,57,"45,066","3,596",38%,-3%
Louisiana Tech University,LA,0.60,"5,085","1,871",37%,42,"50,632","-1,103",59%,3%
Loyola Marymount University,CA,0.40,"8,727","1,610",18%,29,"71,771",-67,79%,-3%
Loyola University Chicago,IL,0.60,"29,117","2,867",10%,49,"66,791","2,987",72%,-5%
Loyola University New Orleans,LA,0.60,"5,835",928,16%,49,"50,080",399,62%,-6%
Lubbock Christian University,TX,0.80,850,310,36%,60,"47,426","2,088",43%,-12%
Luther College,IA,0.60,"1,898",444,23%,48,"55,451","-5,589",73%,-2%
Lycoming College,PA,0.60,"2,086",318,15%,47,"56,167",791,67%,13%
Lynn University,FL,0.80,"5,972",797,13%,52,"45,722","-2,165",50%,0%
Macalester College,MN,0.20,"2,828",601,21%,20,"62,762","-3,727",90%,4%
Madonna University,MI,0.40,637,253,40%,33,"54,408","2,820",64%,8%
Manhattan College,NY,0.60,"8,218",743,9%,47,"89,589","19,836",77%,8%
Mansfield University of Pennsylvania,PA,,,,,,"44,818","-1,942",49%,0%
Marian University (IN),IN,0.60,"3,113",794,26%,46,"56,132","2,550",64%,5%
Marian University (WI),WI,0.60,"3,113",794,26%,48,"53,441","4,342",56%,6%
Marietta College,OH,0.80,"1,828",328,18%,52,"54,790","-2,439",51%,-2%
Marquette University,WI,0.80,"14,034","1,657",12%,54,"76,417","2,636",81%,-1%
Mars Hill University,NC,0.80,"1,362",302,22%,50,"42,599","-3,196",34%,-4%
Marshall University,WV,0.80,"5,479","1,596",29%,62,"43,564","2,168",52%,3%
Mary Baldwin University,VA,,,,,,"39,605","4,242",48%,-4%
Maryland Institute College of Art,MD,0.80,"2,629",311,12%,54,"45,668","-11,176",74%,2%
Marymount Manhattan College,NY,0.60,"5,229",454,9%,49,"48,320","-3,488",59%,-8%
Marymount University,VA,0.80,"1,987",331,17%,53,"62,704","5,519",62%,0%
Maryville University of Saint Louis,MO,0.80,"3,256",834,26%,58,"55,969","-3,120",73%,2%
Marywood University,PA,0.80,"2,080",456,22%,52,"51,671",814,70%,4%
Massachusetts College of Art and Design,MA,0.60,"1,914",387,20%,50,"49,889",-492,74%,2%
Massachusetts Institute of Technology,MA,0.00,"1,365","1,177",86%,3,"124,213","8,602",96%,-2%
Massachusetts Maritime Academy,MA,0.80,972,321,33%,57,"99,713","13,938",78%,11%
McDaniel College,MD,0.80,"3,806",501,13%,55,"57,629","-3,890",65%,0%
McKendree University,IL,0.60,"1,371",268,20%,49,"51,819","3,258",56%,4%
McMurry University,TX,0.60,"1,075",302,28%,49,"46,461",-620,31%,-5%
McNeese State University,LA,0.60,"1,787","1,020",57%,43,"43,988","4,035",42%,-4%
MCPHS University,MA,0.80,"4,735",737,16%,62,"124,126","30,569",67%,-5%
Medaille University,NY,0.60,"1,159",352,30%,44,"46,151","6,200",41%,0%
Mercer University,GA,0.60,"5,430",950,17%,47,"52,487","-1,655",74%,-1%
Meredith College,NC,0.60,"1,192",344,29%,44,"45,455","2,447",68%,0%
Messiah University,PA,0.60,"1,902",551,29%,49,"54,532","-1,127",77%,2%
Methodist University,NC,0.60,"2,290",416,18%,50,"45,408","-4,010",37%,-2%
Metropolitan State University of Denver,CO,0.80,"10,042","1,832",18%,56,"49,932","-2,393",30%,-18%
Miami University-Oxford,OH,0.80,"26,571","4,519",17%,56,"55,590","-2,930",83%,2%
Michigan State University,MI,0.80,"42,150","9,225",22%,52,"64,566","-2,715",82%,7%
Michigan Technological University,MI,0.80,"6,895","1,479",21%,54,"77,293",882,69%,2%
MidAmerica Nazarene University,KS,0.60,706,208,29%,41,"55,725","2,538",45%,-7%
Middle Tennessee State University,TN,0.60,"7,691","2,752",36%,43,"46,693",809,54%,6%
Middlebury College,VT,0.00,"1,601",680,42%,8,"69,022","-6,418",91%,3%
Midland University,NE,0.60,"1,078",341,32%,40,"52,834","-6,670",45%,4%
Midway University,KY,0.60,779,237,30%,49,"42,360","7,696",58%,2%
Midwestern State University,TX,0.80,"3,677",755,21%,60,"53,007","2,580",47%,-2%
Millersville University of Pennsylvania,PA,0.80,"5,866","1,225",21%,60,"50,554","-3,778",57%,-1%
Millikin University,IL,0.60,"2,281",409,18%,47,"46,513",296,55%,-2%
Milwaukee School of Engineering,WI,0.60,"3,017",650,22%,42,"84,860","2,003",66%,-3%
Minnesota State University Moorhead,MN,0.60,"2,254",613,27%,45,"49,476","2,722",57%,-3%
Minnesota State University-Mankato,MN,0.60,"6,850","2,113",31%,43,"55,008","1,047",52%,-6%
Minot State University,ND,0.80,487,374,77%,55,"47,001","3,575",47%,-3%
Misericordia University,PA,0.80,"1,946",361,19%,56,"59,518","4,122",71%,1%
Mississippi College,MS,0.40,"1,146",435,38%,31,"45,187","1,186",63%,-2%
Mississippi State University,MS,0.60,"13,478","3,388",25%,48,"48,296","3,551",60%,-2%
Mississippi University for Women,MS,0.80,419,171,41%,62,"38,551","-3,396",45%,0%
Mississippi Valley State University,MS,0.60,"2,480",199,8%,50,"30,324","-2,852",27%,-3%
Missouri Baptist University,MO,0.60,432,236,55%,39,"42,766","-5,612",41%,-2%
Missouri Southern State University,MO,0.80,"1,642",578,35%,61,"41,727",95,37%,-10%
Missouri State University-Springfield,MO,0.80,"9,128","2,562",28%,59,"47,850",349,59%,0%
Missouri University of Science and Technology,MO,0.80,"4,725","1,188",25%,54,"82,622","20,009",63%,-7%
Molloy College,NY,0.60,"4,052",541,13%,50,"72,153","6,053",70%,0%
Monmouth University,NJ,0.80,"6,857",954,14%,53,"65,306","-6,545",69%,3%
Montana State University,MT,0.60,"19,522","3,874",20%,46,"51,532","-1,537",55%,-4%
Montana Technological University,MT,0.80,"1,432",325,23%,57,"51,910","5,018",57%,2%
Montclair State University,NJ,0.80,"16,936","3,491",21%,57,"57,008","-2,889",67%,13%
Moravian University,PA,0.60,"2,178",449,21%,49,"64,389","4,269",68%,6%
Morehead State University,KY,0.80,"6,218","1,184",19%,57,"40,010","-1,230",45%,-5%
Morehouse College,GA,0.60,"2,462",629,26%,41,"51,947","-4,567",47%,2%
Morgan State University,MD,0.80,"13,557","2,326",17%,55,"46,092",-299,44%,3%
Morningside University,IA,0.60,"2,414",370,15%,47,"54,118","3,401",54%,-4%
Mount Mercy University,IA,0.80,"1,035",222,21%,51,"54,291","4,502",60%,-1%
Mount Saint Joseph University,OH,0.60,"1,586",300,19%,40,"52,319","-1,022",53%,0%
Mount Saint Mary College,NY,0.80,"2,546",258,10%,57,"62,765","3,445",62%,1%
Mount Saint Mary's University,CA,0.80,"1,541",367,24%,57,"72,991","9,976",59%,-3%
Mount St. Mary's University,MD,0.80,"3,777",532,14%,52,"61,492","-8,019",61%,-2%
Mount Vernon Nazarene University,OH,0.80,"1,031",294,29%,55,"48,060","2,341",59%,3%
Muhlenberg College,PA,0.60,"2,790",450,16%,43,"70,439","-2,558",82%,-1%
Murray State University,KY,0.80,"7,787","1,395",18%,54,"43,077",349,56%,2%
Muskingum University,OH,0.80,"2,144",422,20%,54,"47,396","-3,298",51%,10%
Nebraska Wesleyan University,NE,0.80,"2,051",405,20%,52,"55,906","-3,136",66%,-2%
Neumann University,PA,0.80,"2,916",359,12%,53,"54,198","1,652",49%,3%
New Jersey City University,NJ,0.80,"5,064",761,15%,57,"50,417","-1,486",39%,4%
New Jersey Institute of Technology,NJ,0.60,"8,005","1,374",17%,43,"84,495","-3,310",74%,3%
New Mexico Institute of Mining and Technology,NM,0.80,973,301,31%,61,"61,977","-1,511",55%,-4%
New Mexico State University-Main Campus,NM,0.40,"7,177","2,013",28%,36,"38,178","-1,492",50%,5%
New York Institute of Technology,NY,0.80,"8,412",952,11%,50,"63,609","-5,567",56%,-4%
New York University,NY,0.00,"12,380","6,097",49%,8,"79,812","-1,828",87%,-1%
Newberry College,SC,0.40,"1,240",328,26%,36,"45,735","-3,398",54%,6%
Niagara University,NY,0.80,"3,345",625,19%,58,"55,429","4,515",70%,8%
Nicholls State University,LA,0.80,"2,106",958,45%,61,"44,740","2,187",50%,0%
Norfolk State University,VA,0.80,"5,753","1,113",19%,56,"41,222",783,37%,3%
North Carolina A & T State University,NC,0.40,"12,346","2,930",24%,36,"44,390","1,584",53%,5%
North Carolina Central University,NC,0.60,"6,267","1,130",18%,48,"40,346","3,378",51%,5%
North Carolina State University at Raleigh,NC,0.40,"15,669","5,046",32%,30,"65,211",12,84%,5%
North Carolina Wesleyan University,NC,0.20,622,193,31%,18,"44,504",-276,40%,8%
North Central College,IL,0.60,"3,113",512,16%,43,"57,787",-573,64%,-2%
North Dakota State University-Main Campus,ND,0.80,"7,773","2,491",32%,60,"58,936",537,65%,0%
North Greenville University,SC,0.60,"1,371",442,32%,44,"41,812",-359,57%,1%
North Park University,IL,0.60,"2,721",464,17%,42,"55,242","-1,918",61%,3%
Northeastern Illinois University,IL,0.60,"2,111",330,16%,39,"50,312","-1,717",21%,-11%
Northeastern State University,OK,0.80,"1,466",699,48%,62,"43,257","1,096",39%,-1%
Northeastern University,MA,0.00,"13,829","4,504",33%,11,"88,842",-280,91%,-2%
Northern Illinois University,IL,0.60,"15,922","2,285",14%,44,"55,380",-738,51%,-2%
Northern Kentucky University,KY,0.80,"5,329","1,690",32%,50,"46,832","-1,980",48%,-3%
Northern Michigan University,MI,0.60,"4,670","1,496",32%,45,"44,658","-2,999",49%,-3%
Northern State University,SD,0.80,981,337,34%,50,"44,493","-1,159",48%,-6%
Northern Vermont University,VT,0.60,"2,981",263,9%,47,"44,323","1,160",38%,-10%
Northwest Missouri State University,MO,0.80,"6,024",964,16%,54,"45,693","-5,022",52%,-3%
Northwestern College,IA,0.80,973,268,28%,52,"49,445","-1,092",71%,5%
Northwestern Oklahoma State University,OK,0.40,714,277,39%,37,"43,404","1,565",30%,-4%
Northwestern State University of Louisiana,LA,0.80,"3,599","1,299",36%,60,"44,550",-138,44%,-3%
Northwestern University,IL,0.00,"3,321","2,086",63%,4,"85,796","-1,999",95%,-1%
Northwood University,MI,0.80,936,293,31%,52,"58,172","4,640",62%,5%
Norwich University,VT,0.80,"2,846",656,23%,55,"65,540","5,925",62%,4%
Notre Dame College,OH,0.80,"2,035",223,11%,52,"49,494",142,39%,-2%
Nova Southeastern University,FL,0.80,"10,868","1,672",15%,59,"56,055",499,61%,-6%
Oakland University,MI,0.80,"9,803","2,025",21%,58,"55,645","1,781",56%,-1%
Oakwood University,AL,0.60,633,284,45%,45,"41,219","2,190",49%,1%
Oberlin College,OH,0.20,"3,639",864,24%,21,"52,483","-10,282",82%,-3%
Occidental College,CA,0.20,"2,484",535,22%,24,"68,355","-1,609",83%,-4%
Oglethorpe University,GA,0.80,"1,851",404,22%,51,"49,918","2,310",58%,-3%
Ohio Christian University,OH,,,,,,"40,968","14,331",29%,-11%
Ohio Northern University,OH,0.60,"3,586",738,21%,43,"75,783","6,068",76%,2%
Ohio State University-Main Campus,OH,0.40,"33,269","8,423",25%,36,"58,596","-8,169",88%,4%
Ohio University-Main Campus,OH,0.80,"19,245","3,664",19%,56,"49,666",572,67%,3%
Oklahoma Baptist University,OK,0.40,"1,451",302,21%,35,"44,360",-415,54%,-5%
Oklahoma Christian University,OK,0.80,"1,447",415,29%,61,"47,069","-6,217",56%,-7%
Oklahoma City University,OK,0.60,"1,057",270,26%,50,"50,325",-328,65%,-2%
Oklahoma Panhandle State University,OK,,,,,,"45,592",-69,26%,-10%
Oklahoma State University-Main Campus,OK,0.60,"11,577","4,267",37%,43,"53,923","2,166",66%,3%
Old Dominion University,VA,0.80,"13,074","2,899",22%,60,"52,678","-4,388",49%,-4%
Olivet Nazarene University,IL,0.60,"3,561",661,19%,38,"50,851","-1,422",64%,-1%
Oral Roberts University,OK,0.80,"2,847",647,23%,54,"44,293","-3,434",59%,4%
Oregon Institute of Technology,OR,0.80,"4,162",443,11%,57,"70,363","6,454",56%,2%
Oregon State University,OR,0.80,"20,687","3,965",19%,56,"60,461","-2,811",68%,2%
Otis College of Art and Design,CA,0.80,"1,823",263,14%,50,"51,787","-7,915",69%,3%
Otterbein University,OH,0.80,"2,932",570,19%,52,"50,687",-23,69%,-2%
Ouachita Baptist University,AR,0.60,"1,925",485,25%,47,"46,670","-1,487",67%,2%
Our Lady of the Lake University,TX,,,,,,"46,486",238,35%,-11%
Pace University,NY,0.80,"21,726","2,203",10%,55,"69,137","2,950",59%,-6%
Pacific Lutheran University,WA,0.80,"2,846",510,18%,55,"60,932",400,69%,0%
Pacific University,OR,0.80,"2,063",363,18%,57,"56,365","-9,867",71%,1%
Palm Beach Atlantic University,FL,0.80,"1,728",505,29%,57,"49,234","1,722",61%,0%
Pepperdine University,CA,0.40,"6,249","1,024",16%,33,"78,224",520,83%,1%
Piedmont University,GA,0.60,"1,423",249,17%,42,"48,097","1,211",48%,-2%
Pittsburg State University,KS,0.80,"2,075",812,39%,59,"47,714","2,208",52%,2%
Point Loma Nazarene University,CA,0.80,"2,560",662,26%,53,"64,114",677,73%,-2%
Point Park University,PA,0.80,"5,002",601,12%,52,"44,613","1,027",61%,4%
Pomona College,CA,0.00,771,451,58%,4,"74,305","-5,463",93%,4%
Portland State University,OR,0.80,"6,751","1,741",26%,62,"54,567",31,54%,1%
Prairie View A & M University,TX,0.60,"5,200","1,811",35%,49,"43,390","1,605",42%,3%
Pratt Institute-Main,NY,0.60,"5,376","1,132",21%,43,"52,718","-8,382",71%,2%
Princeton University,NJ,0.00,"1,647","1,290",78%,3,"110,433","17,557",98%,3%
Providence College,RI,0.40,"6,453","1,040",16%,37,"79,628","1,673",89%,9%
Purdue University Fort Wayne,IN,0.80,"4,998","1,293",26%,52,"44,374","-3,695",38%,-8%
Purdue University-Main Campus,IN,0.60,"40,898","10,278",25%,43,"68,414","-3,046",83%,6%
Queens University of Charlotte,NC,0.60,"2,424",293,12%,43,"58,774","5,497",64%,1%
Quinnipiac University,CT,0.80,"13,855","1,492",11%,55,"81,553","3,002",80%,3%
Radford University,VA,0.80,"10,762","1,292",12%,60,"52,232","1,594",54%,0%
Ramapo College of New Jersey,NJ,0.60,"4,858",900,19%,44,"62,810","-6,400",72%,2%
Randolph-Macon College,VA,0.80,"1,886",345,18%,53,"58,576",-37,72%,5%
Reed College,OR,0.40,"3,071",502,16%,28,"52,236","-10,544",73%,-9%
Regent University,VA,0.40,"2,133",438,21%,26,"44,160",-664,62%,0%
Regis University,CO,0.80,"4,849",436,9%,51,"67,164","1,653",62%,-8%
Reinhardt University,GA,0.60,711,214,30%,44,"44,242","-4,399",34%,-5%
Rensselaer Polytechnic Institute,NY,0.40,"9,277","1,322",14%,33,"100,141","1,436",84%,-4%
Rhode Island College,RI,0.80,"3,047",609,20%,54,"50,237","2,953",46%,-1%
Rhode Island School of Design,RI,0.00,886,496,56%,12,"64,562","-3,428",86%,0%
Rhodes College,TN,0.40,"3,025",592,20%,36,"69,215","1,324",85%,0%
Rice University,TX,0.00,"2,802","1,226",44%,6,"87,254","-1,069",92%,-4%
Rider University,NJ,0.80,"7,204",638,9%,52,"59,215","-3,514",61%,-1%
Rivier University,NH,0.80,"1,538",319,21%,53,"62,269","3,946",60%,-1%
Roanoke College,VA,0.80,"3,981",465,12%,50,"55,411","-1,679",70%,1%
Robert Morris University,PA,0.80,"4,709",676,14%,59,"56,943","4,867",65%,4%
Roberts Wesleyan University,NY,0.80,"1,171",207,18%,55,"47,191",867,64%,1%
Rochester Institute of Technology,NY,0.60,"15,645","3,355",21%,45,"69,250","-2,595",69%,-4%
Rockhurst University,MO,0.60,"2,303",403,17%,42,"62,890","1,809",74%,-2%
Roosevelt University,IL,0.80,"3,268",507,16%,58,"45,701","-4,377",40%,-10%
Rose-Hulman Institute of Technology,IN,0.60,"3,511",643,18%,49,"97,688","3,446",87%,2%
Rowan University,NJ,0.80,"9,767","2,191",22%,53,"56,115","-6,484",69%,5%
Rutgers University-Camden,NJ,0.60,"8,780",604,7%,50,"69,748",160,71%,6%
Rutgers University-New Brunswick,NJ,0.60,"29,419","7,105",24%,43,"69,748","-7,510",84%,0%
Rutgers University-Newark,NJ,0.60,"11,194","1,300",12%,49,"69,748","-5,522",65%,2%
Saginaw Valley State University,MI,0.60,"4,590","1,336",29%,49,"48,256","1,697",42%,-9%
Saint Ambrose University,IA,0.60,"2,900",493,17%,45,"57,818",270,64%,0%
Saint Anselm College,NH,0.60,"3,109",480,15%,49,"63,085","-5,237",77%,-1%
Saint Augustine's University,NC,0.60,"4,211",818,19%,47,"35,808","2,580",22%,-8%
Saint Cloud State University,MN,0.80,"3,988",837,21%,59,"53,448","2,915",47%,-7%
Saint Edward's University,TX,0.80,"4,553",613,13%,58,"56,465","2,852",66%,2%
Saint Francis University,PA,0.60,"1,513",398,26%,46,"62,067","11,174",74%,6%
Saint Johns University,MN,0.80,"1,367",408,30%,56,"75,423","-3,655",79%,11%
Saint Joseph's College of Maine,ME,0.80,"1,091",208,19%,51,"48,562","-10,658",68%,8%
Saint Joseph's University,PA,0.80,"6,746","1,038",15%,52,"74,933",-245,83%,3%
Saint Leo University,FL,0.60,"7,127",826,12%,45,"47,428",-568,46%,-7%
Saint Louis University,MO,0.60,"10,540","1,794",17%,44,"69,878","2,012",80%,-4%
Saint Martin's University,WA,0.60,"1,900",348,18%,45,"60,191",728,61%,0%
Saint Mary's College,IN,0.80,"1,953",375,19%,52,"59,312","-4,441",74%,-2%
Saint Mary's College of California,CA,0.60,"2,469",421,17%,44,"71,724","4,394",73%,-1%
Saint Mary's University of Minnesota,MN,0.80,"1,552",234,15%,62,"58,188","5,453",57%,-1%
Saint Norbert College,WI,0.80,"3,463",584,17%,54,"54,223",-757,78%,5%
Saint Peter's University,NJ,0.80,"2,439",402,16%,59,"52,442","-2,637",58%,10%
Saint Vincent College,PA,0.60,"1,535",376,24%,46,"58,731","1,248",73%,11%
Saint Xavier University,IL,0.80,"6,597",747,11%,54,"55,564","7,248",52%,-2%
Salem State University,MA,0.80,"5,659",939,17%,57,"54,581","2,344",57%,1%
Sam Houston State University,TX,0.80,"11,161","2,908",26%,61,"52,250","2,598",57%,4%
Samford University,AL,0.80,"3,537",920,26%,53,"54,742","2,282",79%,7%
San Diego State University,CA,0.20,"25,646","5,269",21%,24,"61,522","-1,517",76%,4%
San Francisco State University,CA,0.80,"25,809","3,149",12%,59,"64,797","2,613",54%,-4%
San Jose State University,CA,0.80,"25,682","4,222",16%,53,"72,635",149,69%,0%
Santa Clara University,CA,0.40,"9,095","1,549",17%,34,"99,012","14,459",91%,1%
Savannah College of Art and Design,GA,0.80,"12,047","2,685",22%,51,"45,661","-4,815",71%,3%
Savannah State University,GA,,,,,,"39,332","1,089",24%,-13%
School of the Art Institute of Chicago,IL,0.80,"4,725",669,14%,51,"40,727","-6,614",65%,-5%
Scripps College,CA,0.20,872,328,38%,19,"70,465","-1,082",82%,-8%
Seattle Pacific University,WA,0.80,"4,008",580,14%,58,"61,006",303,66%,-5%
Seattle University,WA,0.80,"7,012",994,14%,52,"73,484","4,368",75%,-5%
Seton Hall University,NJ,0.60,"17,940","1,688",9%,49,"68,307","2,067",72%,-1%
Shenandoah University,VA,0.60,"1,945",509,26%,47,"55,196","2,713",64%,4%
Shepherd University,WV,0.80,"1,290",419,32%,60,"47,268","-8,439",44%,-4%
Shippensburg University of Pennsylvania,PA,0.80,"5,587","1,024",18%,59,"51,372","-1,630",58%,2%
Shorter University,GA,0.80,933,309,33%,51,"44,832","5,532",37%,-6%
Siena College,NY,0.80,"7,121","1,055",15%,52,"71,883",861,77%,5%
Siena Heights University,MI,0.60,"1,028",270,26%,43,"50,438","-2,388",51%,2%
Simmons University,MA,0.80,"2,937",403,14%,53,"61,222","-1,387",71%,-10%
Simpson College,IA,0.80,"1,208",286,24%,57,"52,638","-2,931",69%,1%
Skidmore College,NY,0.20,"3,419",719,21%,20,"68,541",-646,84%,3%
Slippery Rock University of Pennsylvania,PA,0.60,"3,924","1,370",35%,50,"49,804","-1,607",68%,7%
Sonoma State University,CA,0.80,"9,934",822,8%,59,"62,725","5,294",60%,2%
South Carolina State University,SC,0.80,"2,187",586,27%,55,"36,750",661,30%,2%
South Dakota School of Mines and Technology,SD,0.80,"1,163",489,42%,50,"71,277","-5,258",52%,-6%
South Dakota State University,SD,0.80,"5,048","2,019",40%,55,"52,198",967,60%,-3%
Southeast Missouri State University,MO,0.60,"5,720","1,487",26%,50,"42,700","-5,673",54%,1%
Southeastern Louisiana University,LA,0.80,"5,574","2,230",40%,62,"43,810","2,833",38%,-6%
Southeastern Oklahoma State University,OK,0.60,608,352,58%,47,"44,617","1,493",30%,-9%
Southern Arkansas University Main Campus,AR,0.60,"1,761",632,36%,40,"40,671","-6,815",40%,0%
Southern Connecticut State University,CT,0.80,"6,049","1,022",17%,52,"55,682","1,949",52%,4%
Southern Illinois University-Carbondale,IL,0.80,"6,648","1,422",21%,60,"50,562","3,035",45%,-3%
Southern Illinois University-Edwardsville,IL,0.80,"8,821","1,992",23%,62,"54,293","3,381",52%,-4%
Southern Methodist University,TX,0.40,"8,333","1,572",19%,33,"76,672","5,358",82%,-2%
Southern Oregon University,OR,0.80,"1,716",519,30%,57,"47,362",362,41%,-12%
Southern University and A & M College,LA,0.40,"5,035","1,618",32%,37,"41,443","4,585",32%,-4%
Southern Utah University,UT,0.80,"15,269","2,564",17%,56,"49,051","5,489",55%,-2%
Southern Virginia University,VA,1.00,"1,226",342,28%,63,"38,890","-6,562",44%,-7%
Southwest Baptist University,MO,0.80,838,298,36%,60,"41,610","-3,039",52%,0%
Southwest Minnesota State University,MN,0.80,"1,522",421,28%,57,"46,644",-768,48%,-5%
Southwestern College,KS,0.60,925,204,22%,43,"51,735","-5,629",40%,-6%
Southwestern Oklahoma State University,OK,0.80,"1,954",690,35%,59,"45,817","3,879",39%,-8%
Southwestern University,TX,0.40,"2,428",355,15%,32,"60,338","-2,224",74%,2%
Spelman College,GA,0.40,"5,673",794,14%,32,"57,578","11,086",76%,9%
Spring Arbor University,MI,0.40,"1,055",231,22%,38,"47,632","4,028",64%,6%
Springfield College,MA,0.60,"2,194",507,23%,49,"47,049","-2,569",73%,9%
St Bonaventure University,NY,0.60,"2,601",485,19%,49,"58,527","-1,677",71%,6%
St Catherine University,MN,0.60,"1,169",313,27%,47,"54,838",321,59%,-6%
St Olaf College,MN,0.40,"3,080",755,25%,30,"66,260","-2,367",85%,2%
St. Francis College,NY,0.80,"3,826",409,11%,54,"57,888","3,801",52%,6%
St. John Fisher University,NY,0.60,"3,210",596,19%,45,"58,703","2,093",73%,5%
St. John's University-New York,NY,0.80,"20,143","2,715",13%,54,"68,177",273,68%,3%
St. Joseph's University-New York,NY,0.80,"3,276",662,20%,50,"60,260","-3,662",71%,14%
St. Mary's College of Maryland,MD,0.60,"2,221",381,17%,49,"60,455","-4,269",73%,-2%
St. Mary's University,TX,0.80,"3,808",606,16%,55,"56,763","3,396",59%,1%
St. Thomas Aquinas College,NY,0.80,"1,264",233,18%,56,"60,394","2,438",56%,5%
St. Thomas University,FL,0.60,"4,774",536,11%,45,"55,391","7,939",41%,-1%
Stanford University,CA,0.00,"2,190","1,757",80%,3,"106,987","9,948",96%,0%
State University of New York at New Paltz,NY,0.40,"5,759","1,133",20%,29,"54,978",-865,73%,6%
State University of New York at Oswego,NY,0.80,"8,249","1,168",14%,50,"52,421",166,66%,3%
Stephen F Austin State University,TX,0.80,"6,493","1,713",26%,52,"48,292","1,024",53%,0%
Stevens Institute of Technology,NJ,0.40,"5,965","1,091",18%,33,"104,918","1,217",87%,-1%
Stevenson University,MD,0.80,"4,027",628,16%,57,"60,421","1,306",59%,2%
Stockton University,NJ,0.80,"5,281","1,358",26%,54,"54,393","-2,103",76%,8%
Stony Brook University,NY,0.40,"18,659","3,416",18%,30,"70,686","-10,420",78%,-3%
Suffolk University,MA,0.80,"6,603",982,15%,55,"65,950","3,145",60%,2%
SUNY at Albany,NY,0.60,"14,458","3,030",21%,43,"63,760","1,527",66%,3%
SUNY at Fredonia,NY,0.80,"4,236",806,19%,57,"48,236","-5,083",62%,-1%
SUNY at Purchase College,NY,0.60,"3,052",680,22%,47,"44,940","-5,268",64%,1%
SUNY Brockport,NY,0.60,"5,963","1,002",17%,48,"51,733",-340,63%,3%
SUNY Buffalo State University,NY,0.80,"10,193","1,344",13%,54,"47,728",944,41%,-1%
SUNY College at Geneseo,NY,0.60,"6,723","1,007",15%,47,"60,136","-9,758",76%,0%
SUNY College at Old Westbury,NY,0.60,"3,532",474,13%,49,"56,415","-3,983",48%,-3%
SUNY College at Plattsburgh,NY,0.60,"4,576",920,20%,43,"52,309","-3,123",65%,4%
SUNY College of Agriculture and Technology at Cobleskill,NY,0.80,"1,672",459,27%,51,"42,620","-3,532",45%,5%
SUNY College of Environmental Science and Forestry,NY,0.60,"1,471",315,21%,41,"53,274","-4,758",76%,0%
SUNY Cortland,NY,0.40,"6,909","1,221",18%,38,"57,352","3,007",65%,-1%
SUNY Maritime College,NY,0.60,879,275,31%,47,"87,534","5,651",74%,8%
SUNY Oneonta,NY,0.60,"6,919",943,14%,44,"53,975","-4,560",74%,8%
SUNY Polytechnic Institute,NY,0.60,"2,075",307,15%,49,"62,275","1,123",65%,3%
Swarthmore College,PA,0.00,"1,013",454,45%,5,"80,398","-5,000",94%,1%
Syracuse University,NY,0.40,"23,489","3,765",16%,37,"74,446","3,113",82%,4%
Tarleton State University,TX,0.40,"6,054","2,150",36%,36,"49,993","1,898",49%,0%
Taylor University,IN,0.60,"1,484",401,27%,46,"47,467","-4,068",77%,1%
Temple University,PA,0.60,"27,176","4,922",18%,45,"60,306","-1,465",75%,4%
Tennessee Technological University,TN,0.60,"5,075","1,661",33%,50,"45,397","-4,711",60%,5%
Texas A & M International University,TX,0.40,"2,862","1,139",40%,34,"47,235","2,777",49%,4%
Texas A & M University-College Station,TX,0.60,"28,132","12,323",44%,40,"70,877","1,212",83%,5%
Texas A & M University-Commerce,TX,0.80,"4,509",921,20%,55,"48,471",896,42%,-2%
Texas A & M University-Corpus Christi,TX,0.80,"6,592","1,790",27%,57,"49,203","3,885",36%,-16%
Texas A & M University-Kingsville,TX,0.80,"4,584",936,20%,59,"49,528","-4,198",43%,0%
Texas Christian University,TX,0.40,"10,606","2,560",24%,34,"63,517","-1,377",83%,2%
Texas Lutheran University,TX,0.60,"1,655",313,19%,40,"54,428",461,54%,-1%
Texas Southern University,TX,0.60,"6,654","1,294",19%,40,"36,251",-639,23%,-6%
Texas State University,TX,0.60,"21,748","6,650",31%,44,"53,885",548,57%,-1%
Texas Tech University,TX,0.60,"22,908","6,629",29%,43,"60,456","3,170",63%,-2%
Texas Wesleyan University,TX,0.40,"2,288",370,16%,37,"50,920","-2,260",26%,-10%
Texas Woman's University,TX,0.80,"5,125","1,287",25%,60,"52,581",-624,49%,-5%
The Catholic University of America,DC,0.80,"5,070",691,14%,54,"76,452","1,697",74%,-6%
The College of Idaho,ID,0.40,"1,950",296,15%,35,"48,012","-6,452",56%,2%
The College of New Jersey,NJ,0.60,"6,442","1,476",23%,39,"70,578","-7,094",87%,2%
The College of Saint Scholastica,MN,0.60,"1,538",355,23%,47,"61,672","10,684",65%,1%
The College of Wooster,OH,0.60,"4,008",583,15%,38,"54,485","-5,773",77%,-1%
The Evergreen State College,WA,0.80,"1,105",234,21%,62,"42,742",148,43%,-7%
The Master's University and Seminary,CA,0.60,712,345,48%,42,"53,478","-3,445",72%,9%
The New School,NY,0.60,"6,428","1,902",30%,42,"55,333",-11,70%,2%
The University of Alabama,AL,0.60,"33,472","7,593",23%,50,"56,118","3,057",72%,-1%
The University of Findlay,OH,0.80,"2,971",647,22%,53,"54,862","2,095",63%,-2%
The University of Montana,MT,0.80,"5,941","1,542",26%,52,"43,967","-1,911",48%,-3%
The University of Tampa,FL,0.40,"17,620","3,102",18%,34,"57,297","1,713",62%,-5%
The University of Tennessee-Chattanooga,TN,0.80,"6,518","2,074",32%,54,"46,266","4,012",54%,-7%
The University of Tennessee-Knoxville,TN,0.60,"22,413","5,948",27%,47,"56,615","1,837",72%,1%
The University of Tennessee-Martin,TN,0.60,"6,539","1,042",16%,47,"43,043",404,52%,3%
The University of Texas at Arlington,TX,0.80,"14,367","4,579",32%,59,"57,994","-4,917",51%,-3%
The University of Texas at Austin,TX,0.20,"18,994","9,060",48%,18,"72,713",-434,88%,2%
The University of Texas at Dallas,TX,0.80,"16,429","4,042",25%,55,"64,398","-13,184",72%,-9%
The University of Texas at El Paso,TX,1.00,"10,151","3,076",30%,63,"47,101",597,45%,3%
The University of Texas at San Antonio,TX,0.80,"19,662","5,512",28%,57,"54,117",-207,51%,-4%
The University of Texas at Tyler,TX,0.80,"3,358","1,169",35%,59,"52,674","7,257",42%,-6%
The University of Texas Permian Basin,TX,0.60,784,388,49%,41,"54,965","2,508",42%,-2%
The University of Texas Rio Grande Valley,TX,0.80,"13,508","5,439",40%,59,"47,698","1,222",51%,7%
The University of the Arts,PA,0.80,"1,101",269,24%,54,"38,416","-8,968",68%,2%
The University of West Florida,FL,0.40,"4,573","1,159",25%,33,"45,884",-381,52%,2%
Thomas More University,KY,0.80,"2,595",391,15%,60,"59,294","3,303",51%,-1%
Towson University,MD,0.80,"10,213","2,592",25%,55,"61,376",-246,72%,1%
Trevecca Nazarene University,TN,0.60,"1,216",425,35%,49,"51,250","4,477",49%,-3%
Trine University,IN,0.60,"3,272",664,20%,50,"54,719","-4,751",64%,4%
Trinity University,TX,0.20,"3,246",663,20%,21,"67,418","-6,013",80%,-4%
Troy University,AL,0.80,"6,446","1,596",25%,60,"41,691",-152,52%,0%
Truman State University,MO,0.60,"2,481",665,27%,38,"55,351","-6,813",72%,0%
Tufts University,MA,0.00,"3,566","1,800",50%,7,"74,430","-6,270",94%,2%
Tulane University of Louisiana,LA,0.00,"4,385","2,027",46%,6,"59,812","-2,931",86%,-1%
Tusculum University,TN,0.60,969,201,21%,49,"42,969","-4,222",41%,2%
Tuskegee University,AL,0.20,"2,940",551,19%,21,"43,878","3,850",57%,11%
Union University,TN,0.40,"1,407",355,25%,33,"52,147","4,575",68%,2%
University at Buffalo,NY,0.60,"21,552","4,309",20%,44,"65,856",-441,74%,3%
University of Alabama at Birmingham,AL,0.80,"10,541","2,415",23%,56,"50,907",-29,62%,-1%
University of Alabama in Huntsville,AL,0.60,"4,259","1,204",28%,47,"56,901","2,864",61%,-5%
University of Alaska Fairbanks,AK,,,,,,"46,150","-1,015",38%,-6%
University of Arkansas,AR,0.80,"17,743","6,065",34%,52,"54,417","-1,066",70%,1%
University of Arkansas at Pine Bluff,AR,0.60,"3,173",677,21%,43,"34,777",465,41%,6%
University of Baltimore,MD,0.80,237,66,28%,56,"58,875","3,292",38%,-2%
University of Bridgeport,CT,0.60,"3,613",238,7%,46,"51,396","1,749",44%,-3%
University of California-Berkeley,CA,0.00,"16,295","6,931",43%,9,"88,046","-1,882",93%,-1%
University of California-Davis,CA,0.40,"42,475","7,482",18%,31,"74,305","-3,141",87%,3%
University of California-Irvine,CA,0.20,"31,110","6,489",21%,18,"76,593","-6,209",84%,7%
University of California-Los Angeles,CA,0.00,"15,028","6,584",44%,7,"79,826","-2,634",92%,4%
University of California-Merced,CA,0.80,"24,068","2,410",10%,55,"63,365","-3,948",72%,6%
University of California-Riverside,CA,0.60,"34,437","5,203",15%,41,"63,645","-6,711",76%,0%
University of California-San Diego,CA,0.20,"40,493","7,544",19%,21,"82,255","-4,200",89%,1%
University of California-Santa Barbara,CA,0.20,"30,824","4,900",16%,18,"70,326",-347,85%,4%
University of California-Santa Cruz,CA,0.40,"36,177","4,187",12%,37,"64,166","-3,585",78%,4%
University of Central Arkansas,AR,0.80,"5,595","1,854",33%,58,"43,712",-283,49%,-2%
University of Central Florida,FL,0.20,"17,797","7,090",40%,23,"54,850","-2,708",75%,4%
University of Central Missouri,MO,0.60,"3,867","1,158",30%,48,"46,316","2,873",53%,1%
University of Central Oklahoma,OK,0.80,"7,080","1,662",23%,51,"47,453","1,217",37%,-6%
University of Charleston,WV,0.60,"1,383",246,18%,44,"46,166","-2,411",43%,3%
University of Chicago,IL,0.00,"2,460","2,053",83%,4,"78,439","-1,047",96%,1%
University of Cincinnati-Main Campus,OH,0.80,"21,865","5,400",25%,54,"51,185","-2,286",73%,3%
University of Colorado Boulder,CO,0.80,"43,576","6,785",16%,50,"65,273","-4,705",74%,0%
University of Colorado Colorado Springs,CO,0.80,"11,337","1,409",12%,60,"51,355","-1,502",44%,-9%
University of Colorado Denver/Anschutz Medical Campus,CO,0.60,"10,395","1,688",16%,45,"60,077","3,892",48%,-6%
University of Connecticut,CT,0.40,"20,433","3,663",18%,35,"76,076",-86,83%,0%
University of Connecticut-Stamford,CT,0.60,"4,299",764,18%,48,"76,076","4,414",58%,5%
University of Dallas,TX,0.40,"2,912",476,16%,37,"56,733","-5,898",72%,-7%
University of Dayton,OH,0.80,"13,919","2,126",15%,51,"71,015",327,80%,2%
University of Delaware,DE,0.60,"24,679","4,617",19%,45,"71,861","-5,887",82%,1%
University of Denver,CO,0.60,"14,440","1,621",11%,40,"68,764","2,836",76%,-2%
University of Detroit Mercy,MI,0.80,"4,135",565,14%,59,"60,489","3,518",67%,-1%
University of Dubuque,IA,0.60,"1,456",335,23%,48,"49,057","2,954",40%,-1%
University of Evansville,IN,0.60,"2,744",327,12%,47,"51,987",-318,69%,2%
University of Florida,FL,0.20,"15,431","6,787",44%,19,"69,468","4,237",91%,11%
University of Georgia,GA,0.40,"15,685","5,819",37%,25,"63,405","3,727",88%,4%
University of Hartford,CT,0.60,"10,605",977,9%,50,"63,870","1,575",59%,-3%
University of Houston,TX,0.60,"19,474","5,437",28%,42,"59,580","-4,121",62%,-6%
University of Idaho,ID,0.80,"7,987","1,656",21%,51,"51,325",154,59%,6%
University of Illinois Chicago,IL,0.60,"17,960","4,177",23%,50,"64,108","2,544",62%,0%
University of Illinois Springfield,IL,0.60,"1,984",264,13%,50,"52,925","5,394",53%,-2%
University of Indianapolis,IN,0.60,"7,973","1,052",13%,49,"50,418",-801,63%,4%
University of Iowa,IA,0.80,"19,340","4,521",23%,54,"62,670","-2,456",74%,0%
University of Kansas,KS,0.80,"14,129","4,119",29%,58,"58,993","2,989",66%,-3%
University of Kentucky,KY,0.80,"20,396","4,721",23%,59,"55,890","1,875",68%,0%
University of La Verne,CA,0.60,"3,600",680,19%,45,"62,629","2,073",69%,4%
University of Louisiana at Lafayette,LA,0.60,"8,155","2,693",33%,49,"45,080","2,476",50%,0%
University of Louisiana at Monroe,LA,0.60,"3,456","1,140",33%,44,"44,507","6,737",54%,2%
University of Louisville,KY,0.60,"11,544","2,695",23%,47,"51,380","-1,755",62%,-2%
University of Lynchburg,VA,0.80,"3,005",336,11%,61,"50,248",265,66%,5%
University of Maine,ME,0.80,"14,435","2,317",16%,60,"48,550","-3,223",57%,-2%
University of Mary,ND,0.60,"1,207",510,42%,50,"58,561","6,171",64%,-2%
University of Mary Hardin-Baylor,TX,0.80,"14,491",861,6%,62,"52,159","2,033",53%,-6%
University of Mary Washington,VA,0.80,"4,118",654,16%,52,"60,281","-4,888",68%,-1%
University of Maryland Eastern Shore,MD,0.80,"6,245",484,8%,52,"43,696","5,180",33%,0%
University of Maryland-Baltimore County,MD,0.80,"9,007","2,052",23%,51,"67,473","-8,623",71%,-4%
University of Maryland-College Park,MD,0.40,"26,109","6,072",23%,33,"76,997","-6,406",88%,-1%
University of Massachusetts-Amherst,MA,0.60,"27,877","4,872",17%,42,"65,645","-2,062",84%,4%
University of Massachusetts-Boston,MA,0.60,"12,926","2,246",17%,50,"59,044","-1,947",49%,-1%
University of Massachusetts-Dartmouth,MA,0.80,"7,362","1,265",17%,58,"55,113","-3,064",54%,2%
University of Massachusetts-Lowell,MA,0.80,"10,565","1,907",18%,54,"65,324","-4,674",69%,-1%
University of Memphis,TN,0.80,"14,201","2,593",18%,60,"46,044","4,644",54%,7%
University of Miami,FL,0.20,"12,037","2,766",23%,18,"71,739","-3,698",84%,0%
University of Michigan-Ann Arbor,MI,0.20,"16,071","7,290",45%,13,"79,580","-4,121",94%,2%
University of Michigan-Dearborn,MI,0.60,"5,546","1,084",20%,43,"58,324","-2,964",56%,-1%
University of Michigan-Flint,MI,0.60,"2,970",493,17%,47,"47,757","-3,621",36%,-10%
University of Minnesota-Crookston,MN,0.40,576,168,29%,30,"49,197","-1,979",56%,2%
University of Minnesota-Duluth,MN,0.80,"7,644","2,029",27%,50,"59,144",-384,65%,-3%
University of Minnesota-Morris,MN,0.60,"1,992",293,15%,48,"49,414",-321,58%,-5%
University of Minnesota-Twin Cities,MN,0.60,"26,295","6,883",26%,46,"65,087","-6,631",84%,0%
University of Mississippi,MS,0.80,"17,512","3,580",20%,57,"50,510","3,924",68%,1%
University of Missouri-Columbia,MO,0.60,"15,283","4,843",32%,49,"61,073","2,300",73%,-1%
University of Missouri-Kansas City,MO,0.60,"3,774","1,148",30%,48,"55,775",617,57%,-4%
University of Missouri-St Louis,MO,0.40,"1,729",296,17%,36,"50,876","-1,785",58%,2%
University of Mobile,AL,0.60,"1,137",253,22%,40,"43,640","7,321",51%,-1%
University of Montevallo,AL,0.80,"3,644",493,14%,57,"40,439",259,52%,-2%
University of Mount Union,OH,0.80,"2,802",493,18%,50,"52,577",-246,68%,3%
University of Nebraska at Kearney,NE,0.80,"5,488",958,17%,57,"48,453","-1,070",58%,3%
University of Nebraska at Omaha,NE,0.80,"7,696","2,166",28%,55,"51,972",-313,50%,0%
University of Nebraska-Lincoln,NE,0.80,"14,411","4,736",33%,51,"55,689","-2,188",66%,0%
University of Nevada-Las Vegas,NV,0.80,"10,873","4,125",38%,52,"53,363","-3,787",47%,-9%
University of Nevada-Reno,NV,0.80,"8,306","3,412",41%,55,"59,167","3,384",63%,-1%
University of New England,ME,0.80,"4,288",595,14%,57,"46,880","-6,219",63%,-6%
University of New Hampshire-Main Campus,NH,0.80,"17,473","2,795",16%,55,"64,875",-309,78%,4%
University of New Haven,CT,0.80,"9,669","1,277",13%,59,"58,152",-453,66%,0%
University of New Mexico-Main Campus,NM,0.80,"11,036","3,077",28%,61,"42,925",-810,54%,-3%
University of New Orleans,LA,0.80,"4,539","1,151",25%,51,"46,664","-6,955",39%,-4%
University of North Alabama,AL,0.80,"3,068","1,013",33%,57,"42,601","-3,388",51%,-1%
University of North Carolina at Asheville,NC,0.80,"3,714",605,16%,52,"44,906","2,789",65%,-4%
University of North Carolina at Chapel Hill,NC,0.20,"10,348","4,690",45%,13,"67,765","2,990",90%,3%
University of North Carolina at Charlotte,NC,0.60,"16,180","4,256",26%,50,"54,580",959,66%,4%
University of North Carolina at Greensboro,NC,0.80,"9,716","2,543",26%,57,"46,514","1,522",58%,0%
University of North Carolina at Pembroke,NC,0.80,"5,123",896,17%,58,"41,470","-1,952",43%,2%
University of North Carolina Wilmington,NC,0.60,"10,736","2,435",23%,43,"52,560","-2,156",72%,1%
University of North Dakota,ND,0.80,"5,308","1,755",33%,56,"61,403","3,189",62%,-3%
University of North Florida,FL,0.60,"12,401","2,574",21%,49,"52,114","-1,429",67%,2%
University of North Texas,TX,0.80,"20,240","5,563",27%,51,"54,047","-2,578",60%,0%
University of Northern Colorado,CO,0.80,"9,252","1,256",14%,57,"48,942","-3,702",52%,-7%
University of Northern Iowa,IA,0.80,"4,094","1,553",38%,54,"51,651","1,223",69%,4%
University of Northwestern-St Paul,MN,0.80,"1,165",396,34%,52,"47,202","-5,032",68%,2%
University of Notre Dame,IN,0.00,"3,562","2,059",58%,9,"93,220",-915,96%,2%
University of Oklahoma-Norman Campus,OK,0.80,"14,760","4,582",31%,54,"59,648","2,951",76%,3%
University of Oregon,OR,0.80,"29,483","4,589",16%,59,"57,157",-719,74%,5%
University of Pennsylvania,PA,0.00,"3,304","2,418",73%,4,"112,761","15,509",96%,1%
University of Pittsburgh-Bradford,PA,0.60,911,311,34%,46,"61,744","1,037",36%,-9%
University of Pittsburgh-Greensburg,PA,0.80,666,328,49%,57,"61,744","1,859",34%,-13%
University of Pittsburgh-Johnstown,PA,0.80,"1,335",465,35%,58,"61,744","5,913",49%,-4%
University of Pittsburgh-Pittsburgh Campus,PA,0.60,"23,109","4,875",21%,42,"61,744","-2,407",84%,-1%
University of Portland,OR,0.80,"9,778",911,9%,51,"77,017","5,149",81%,1%
University of Puget Sound,WA,0.80,"4,437",409,9%,55,"64,570","-2,921",74%,-4%
University of Redlands,CA,0.80,"3,108",508,16%,52,"68,726","4,432",69%,-2%
University of Rhode Island,RI,0.60,"19,196","3,340",17%,48,"67,398","4,050",70%,0%
University of Richmond,VA,0.20,"4,015",876,22%,18,"80,715","8,408",89%,3%
University of Saint Francis-Fort Wayne,IN,0.80,"1,315",450,34%,62,"48,788",-526,56%,0%
University of San Diego,CA,0.40,"7,550","1,166",15%,33,"78,234","4,511",80%,-2%
University of San Francisco,CA,0.60,"15,867","1,452",9%,45,"83,794","11,892",76%,0%
University of Scranton,PA,0.80,"7,315",895,12%,50,"70,238",795,79%,4%
University of Sioux Falls,SD,0.60,"1,845",309,17%,49,"50,391","2,553",58%,-3%
University of South Alabama,AL,0.60,"8,364","1,778",21%,45,"45,018","1,927",47%,-2%
University of South Carolina Aiken,SC,0.80,"1,510",526,35%,53,"46,909","1,584",43%,-6%
University of South Carolina Beaufort,SC,0.80,"1,836",424,23%,53,"44,630","-1,166",30%,-11%
University of South Carolina-Columbia,SC,0.60,"25,884","6,174",24%,39,"57,734",-727,78%,0%
University of South Carolina-Upstate,SC,0.60,"2,190",597,27%,48,"45,359",759,47%,1%
University of South Dakota,SD,0.80,"3,717","1,233",33%,55,"49,034","2,502",60%,-2%
University of South Florida,FL,0.40,"24,863","6,279",25%,31,"54,364","-1,575",75%,6%
University of Southern California,CA,0.00,"8,884","3,668",41%,8,"89,884","1,436",92%,0%
University of Southern Indiana,IN,0.80,"3,728","1,327",36%,60,"44,224","-1,231",50%,-2%
University of Southern Maine,ME,0.80,"4,695",895,19%,55,"49,735","2,921",34%,-8%
University of Southern Mississippi,MS,0.80,"8,922","1,587",18%,60,"42,073","3,250",52%,-1%
University of St Francis,IL,0.60,"1,074",204,19%,43,"60,919","3,049",65%,4%
University of St Thomas (MN),MN,0.60,"7,658","1,792",23%,48,"72,582","3,236",78%,2%
University of St Thomas (TX),TX,0.80,"7,658","1,792",23%,62,"54,322","-8,540",62%,-5%
University of the Cumberlands,KY,0.80,"1,851",613,33%,54,"41,038","-1,303",48%,0%
University of the Incarnate Word,TX,0.80,"8,479",966,11%,59,"51,494",-653,58%,4%
University of the Pacific,CA,0.60,"8,645",781,9%,50,"80,965","1,560",69%,-9%
University of the Sciences,PA,,,,,,"104,361","23,688",77%,-3%
University of Tulsa,OK,0.60,"4,483",583,13%,47,"56,788","-2,183",73%,-3%
University of Utah,UT,0.80,"17,381","5,361",31%,60,"64,456","4,028",67%,3%
University of Vermont,VT,0.60,"16,233","2,932",18%,40,"62,778","-1,244",77%,0%
University of Virginia-Main Campus,VA,0.20,"9,951","3,889",39%,13,"80,584","3,896",94%,2%
University of Virginia's College at Wise,VA,0.80,847,329,39%,52,"41,901","-1,218",39%,3%
University of Washington-Bothell Campus,WA,0.80,"3,672",900,25%,52,"74,063",47,66%,3%
University of Washington-Seattle Campus,WA,0.40,"26,121","7,252",28%,33,"74,063","-2,196",84%,1%
University of Washington-Tacoma Campus,WA,0.80,"1,851",628,34%,52,"74,063","7,872",58%,3%
University of West Alabama,AL,0.60,"1,144",351,31%,47,"38,617","20,602",39%,0%
University of West Georgia,GA,0.60,"4,607","1,545",34%,44,"47,080","2,524",42%,-2%
University of Wisconsin-Eau Claire,WI,0.60,"7,297","2,253",31%,49,"55,619",969,68%,0%
University of Wisconsin-Green Bay,WI,0.80,"5,016","1,208",24%,57,"49,099","-2,865",55%,-5%
University of Wisconsin-La Crosse,WI,0.60,"5,219","2,217",42%,47,"57,125",88,73%,3%
University of Wisconsin-Madison,WI,0.40,"32,459","8,465",26%,38,"70,586","-6,015",89%,3%
University of Wisconsin-Milwaukee,WI,0.80,"13,218","3,358",25%,56,"53,169",-283,47%,-11%
University of Wisconsin-Oshkosh,WI,0.80,"7,662","1,786",23%,57,"51,418","-1,013",55%,-2%
University of Wisconsin-Parkside,WI,0.60,"1,713",467,27%,47,"45,774","-3,236",42%,-4%
University of Wisconsin-Platteville,WI,0.80,"4,515","1,265",28%,55,"55,720",-539,59%,0%
University of Wisconsin-River Falls,WI,0.80,"3,392","1,016",30%,54,"50,940","-2,227",57%,-5%
University of Wisconsin-Stevens Point,WI,0.80,"7,303","1,810",25%,57,"48,872","-1,924",55%,-1%
University of Wisconsin-Stout,WI,0.80,"4,469","1,324",30%,57,"56,554","2,539",56%,0%
University of Wisconsin-Superior,WI,0.60,"1,376",341,25%,48,"45,677",492,43%,-2%
University of Wisconsin-Whitewater,WI,0.80,"7,409","2,127",29%,52,"52,316","-2,836",63%,5%
University of Wyoming,WY,0.80,"5,463","1,477",27%,61,"53,303",-816,60%,-3%
Upper Iowa University,IA,0.60,805,200,25%,41,"51,790","-5,335",39%,0%
Utah State University,UT,0.80,"14,420","4,223",29%,59,"52,764","6,473",56%,-1%
Valdosta State University,GA,0.60,"6,606","1,782",27%,48,"46,357","3,264",41%,-6%
Valparaiso University,IN,0.80,"5,679",601,11%,59,"60,754","1,256",74%,3%
Vanderbilt University,TN,0.00,"3,368","1,626",48%,4,"84,415",-525,93%,-1%
Vanguard University of Southern California,CA,0.60,"2,013",500,25%,43,"53,394","-2,018",61%,1%
Vassar College,NY,0.20,"2,193",679,31%,13,"64,639","-5,560",93%,2%
Villanova University,PA,0.20,"6,162","1,772",29%,16,"96,129","3,321",91%,2%
Virginia Commonwealth University,VA,0.80,"16,308","4,084",25%,59,"54,300",-88,68%,-2%
Virginia Military Institute,VA,0.60,990,461,47%,40,"76,984","1,838",74%,5%
Virginia Polytechnic Institute and State University,VA,0.40,"23,746","6,758",28%,35,"77,621",506,87%,9%
Virginia State University,VA,0.80,"9,587",920,10%,60,"43,364","2,394",48%,4%
Virginia Wesleyan University,VA,0.80,"1,793",341,19%,54,"46,249","-6,059",47%,-5%
Viterbo University,WI,0.60,993,261,26%,49,"52,502","2,285",65%,0%
Walla Walla University,WA,,,,,,"56,658","3,860",64%,1%
Walsh University,OH,0.80,"1,485",335,23%,50,"55,799","1,581",69%,11%
Wartburg College,IA,0.80,"3,330",413,12%,52,"55,659","-8,911",70%,3%
Washington and Lee University,VA,0.00,"1,248",484,39%,12,"84,232","-6,131",94%,4%
Washington State University,WA,0.80,"15,607","4,007",26%,54,"65,331","5,070",60%,3%
Washington University in St Louis,MO,0.00,"4,373","1,980",45%,8,"90,646","-1,421",93%,-4%
Wayland Baptist University,TX,0.80,592,226,38%,51,"48,992","-6,846",25%,-7%
Wayne State University,MI,0.60,"9,603","2,732",28%,40,"48,752",720,56%,3%
Waynesburg University,PA,0.60,"1,512",294,19%,47,"55,757","2,241",67%,4%
Webster University,MO,0.40,"1,444",360,25%,37,"48,965","1,020",57%,-3%
Wellesley College,MA,0.00,"1,240",606,49%,10,"75,784","2,125",92%,-3%
West Chester University of Pennsylvania,PA,0.80,"12,528","2,628",21%,56,"56,602","-3,289",73%,2%
West Liberty University,WV,0.60,"1,186",378,32%,47,"41,989",-139,42%,-3%
West Texas A & M University,TX,0.80,"5,573","1,353",24%,61,"49,266",818,46%,-1%
West Virginia State University,WV,0.80,"2,857",305,11%,61,"38,235",-580,30%,-3%
West Virginia University,WV,0.80,"15,336","4,313",28%,57,"55,073","-1,583",64%,2%
West Virginia University Institute of Technology,WV,0.60,599,303,51%,42,"55,073",-552,28%,-5%
Western Carolina University,NC,0.60,"9,775","1,729",18%,50,"44,755","-1,893",61%,5%
Western Colorado University,CO,0.80,"2,947",456,15%,57,"46,955","-5,741",48%,-4%
Western Connecticut State University,CT,0.80,"3,978",733,18%,54,"57,005",197,53%,-1%
Western Illinois University,IL,0.60,"5,187",920,18%,45,"52,612",774,51%,3%
Western Kentucky University,KY,0.80,"7,145","2,832",40%,62,"41,091",-32,54%,2%
Western Michigan University,MI,0.80,"15,612","2,112",14%,52,"52,487","1,092",56%,2%
Western New England University,MA,0.80,"5,739",783,14%,57,"66,181","-2,857",63%,-1%
Western Oregon University,OR,0.80,"2,562",544,21%,58,"49,954","-1,193",48%,-4%
Western Washington University,WA,0.80,"10,167","2,874",28%,60,"59,142",366,68%,-1%
Westfield State University,MA,0.80,"3,424",802,23%,59,"52,899","-3,164",61%,0%
Westminster College (PA),PA,0.80,"5,167",688,13%,52,"53,244",-200,73%,9%
Westminster College (UT),UT,0.60,"5,167",688,13%,48,"60,657","7,516",63%,-2%
Westmont College,CA,0.60,"1,851",333,18%,50,"63,267","-5,007",73%,-3%
Wheaton College,IL,0.80,"1,719",546,32%,54,"60,007","-10,055",88%,2%
Whitman College,WA,0.40,"3,039",477,16%,37,"64,442","-1,737",89%,1%
Whittier College,CA,0.80,"2,379",277,12%,52,"60,015","-2,866",64%,-4%
Whitworth University,WA,0.80,"3,607",534,15%,57,"57,211","-2,780",75%,2%
Wichita State University,KS,0.80,"6,639","1,814",27%,57,"50,739","-4,517",48%,-8%
Widener University,PA,0.80,"4,834",608,13%,54,"68,879","3,294",68%,1%
Wilkes University,PA,0.80,"3,809",556,15%,60,"61,498","2,839",61%,3%
Willamette University,OR,0.80,"2,930",260,9%,50,"59,621","-1,966",72%,-9%
William & Mary,VA,0.20,"6,386","1,684",26%,23,"69,897","-3,182",91%,4%
William Carey University,MS,0.40,270,153,57%,36,"40,817","1,365",60%,4%
William Jessup University,CA,0.60,518,186,36%,49,"52,890","-4,902",60%,1%
William Paterson University of New Jersey,NJ,0.80,"7,636",995,13%,52,"52,855","-7,008",56%,2%
William Penn University,IA,0.40,800,335,42%,37,"45,073",-510,32%,-2%
Williams College,MA,0.00,"1,099",574,52%,6,"74,473","-2,667",94%,2%
Wilmington College,OH,0.80,"1,324",226,17%,55,"46,654","-15,807",53%,4%
Wingate University,NC,0.80,"14,929",777,5%,54,"51,262","-1,051",61%,4%
Winona State University,MN,0.60,"4,103","1,098",27%,49,"55,391","-2,764",63%,-2%
Winston-Salem State University,NC,0.80,"4,415",912,21%,51,"40,976","2,631",46%,2%
Winthrop University,SC,0.60,"3,567",818,23%,40,"44,718","-1,237",58%,0%
Wofford College,SC,0.40,"2,282",459,20%,33,"67,231",749,80%,6%
Worcester State University,MA,0.80,"3,078",756,25%,56,"59,518","5,791",61%,1%
Xavier University,OH,0.80,"12,770","1,185",9%,53,"60,750","-1,301",75%,2%
Xavier University of Louisiana,LA,0.80,"6,273",989,16%,60,"50,802","4,450",50%,-13%
Yale University,CT,0.00,"2,509","1,786",71%,3,"95,961","10,150",97%,2%
Yeshiva University,NY,0.60,884,496,56%,40,"67,963",338,80%,8%
York College of Pennsylvania,PA,0.60,"4,338",738,17%,49,"57,528","-3,426",66%,1%